<?xml version="1.0" encoding="UTF-8"?>
<root>
  <item name="com.zzhoujay.richtext.ImageHolder int getImageType()">
    <annotation name="android.support.annotation.IntDef">
      <val name="value" val="{com.zzhoujay.richtext.ImageHolder.ImageType.JPG, com.zzhoujay.richtext.ImageHolder.ImageType.GIF}" />
    </annotation>
  </item>
  <item name="com.zzhoujay.richtext.ImageHolder int getScaleType()">
    <annotation name="android.support.annotation.IntDef">
      <val name="value" val="{com.zzhoujay.richtext.ImageHolder.ScaleType.DEFAULT, com.zzhoujay.richtext.ImageHolder.ScaleType.CENTER_CROP, com.zzhoujay.richtext.ImageHolder.ScaleType.FIT_CENTER}" />
    </annotation>
  </item>
  <item name="com.zzhoujay.richtext.ImageHolder void setImageType(int) 0">
    <annotation name="android.support.annotation.IntDef">
      <val name="value" val="{com.zzhoujay.richtext.ImageHolder.ImageType.JPG, com.zzhoujay.richtext.ImageHolder.ImageType.GIF}" />
    </annotation>
  </item>
  <item name="com.zzhoujay.richtext.ImageHolder void setScaleType(int) 0">
    <annotation name="android.support.annotation.IntDef">
      <val name="value" val="{com.zzhoujay.richtext.ImageHolder.ScaleType.DEFAULT, com.zzhoujay.richtext.ImageHolder.ScaleType.CENTER_CROP, com.zzhoujay.richtext.ImageHolder.ScaleType.FIT_CENTER}" />
    </annotation>
  </item>
  <item name="com.zzhoujay.richtext.ImageHolder.ImageType">
    <annotation name="android.support.annotation.IntDef">
      <val name="value" val="{com.zzhoujay.richtext.ImageHolder.ImageType.JPG, com.zzhoujay.richtext.ImageHolder.ImageType.GIF}" />
    </annotation>
  </item>
  <item name="com.zzhoujay.richtext.ImageHolder.ScaleType">
    <annotation name="android.support.annotation.IntDef">
      <val name="value" val="{com.zzhoujay.richtext.ImageHolder.ScaleType.DEFAULT, com.zzhoujay.richtext.ImageHolder.ScaleType.CENTER_CROP, com.zzhoujay.richtext.ImageHolder.ScaleType.FIT_CENTER}" />
    </annotation>
  </item>
  <item name="com.zzhoujay.richtext.RichState">
    <annotation name="android.support.annotation.IntDef">
      <val name="value" val="{com.zzhoujay.richtext.RichState.ready, com.zzhoujay.richtext.RichState.loading, com.zzhoujay.richtext.RichState.loaded}" />
    </annotation>
  </item>
  <item name="com.zzhoujay.richtext.RichType">
    <annotation name="android.support.annotation.IntDef">
      <val name="value" val="{com.zzhoujay.richtext.RichType.HTML, com.zzhoujay.richtext.RichType.MARKDOWN}" />
    </annotation>
  </item>
</root>

